"","id","homicidio","logit","lasso","lasso_Sens","lasso_thresh","lasso_upsample","lasso_downsample","forest","adaboost","xgboost"
"1",7,"No","Si","Si","Si","Si","Si","Si","Si","Si","Si"
"2",11,"No","Si","Si","Si","No","Si","Si","No","No","Si"
"3",21,"No","Si","Si","Si","Si","Si","Si","Si","Si","Si"
"4",28,"No","No","No","Si","No","No","No","No","No","Si"
"5",30,"No","Si","Si","Si","Si","Si","Si","Si","No","Si"
"6",34,"No","Si","Si","Si","No","No","No","Si","No","Si"
"7",36,"No","Si","Si","Si","Si","Si","Si","Si","Si","Si"
"8",41,"No","Si","Si","Si","No","No","No","Si","Si","Si"
"9",47,"No","Si","Si","Si","Si","Si","Si","Si","Si","Si"
"10",51,"No","Si","Si","Si","Si","Si","Si","Si","Si","Si"
"11",67,"No","Si","Si","Si","No","Si","Si","Si","Si","Si"
"12",69,"No","No","No","Si","No","No","No","No","No","Si"
"13",81,"si","Si","Si","Si","No","Si","Si","No","No","Si"
"14",83,"si","Si","Si","Si","No","Si","Si","No","No","Si"
"15",87,"si","Si","Si","Si","No","No","No","No","No","Si"
"16",97,"si","Si","Si","Si","No","No","No","Si","No","Si"
"17",98,"si","Si","Si","Si","Si","Si","Si","Si","No","Si"
"18",102,"si","Si","Si","Si","No","No","No","Si","No","Si"
"19",103,"si","Si","Si","Si","Si","Si","Si","Si","Si","Si"
"20",117,"si","Si","Si","Si","Si","Si","Si","No","Si","Si"
"21",120,"No","No","No","Si","No","No","No","Si","Si","Si"
"22",123,"No","Si","Si","Si","Si","Si","Si","Si","Si","Si"
"23",129,"si","No","Si","Si","No","No","No","No","No","No"
"24",132,"si","Si","Si","Si","Si","Si","Si","No","Si","Si"
"25",135,"No","Si","Si","Si","Si","Si","Si","Si","No","Si"
"26",138,"No","No","Si","Si","No","No","No","Si","Si","No"
"27",140,"si","Si","Si","Si","No","No","No","Si","Si","Si"
"28",151,"si","No","Si","Si","No","No","No","No","No","Si"
"29",156,"No","Si","Si","Si","No","No","No","Si","Si","Si"
"30",159,"si","Si","Si","Si","No","No","Si","No","No","Si"
"31",166,"si","Si","Si","Si","Si","Si","Si","Si","Si","Si"
"32",171,"si","Si","Si","Si","No","Si","Si","No","No","Si"
"33",176,"si","Si","Si","Si","Si","Si","Si","Si","Si","Si"
"34",180,"si","Si","Si","Si","Si","Si","Si","No","Si","Si"
"35",185,"si","Si","Si","Si","No","No","No","No","Si","Si"
"36",195,"si","Si","Si","Si","No","No","No","Si","Si","Si"
"37",196,"si","Si","Si","Si","No","Si","Si","No","No","Si"
"38",200,"No","Si","Si","Si","No","No","No","Si","Si","Si"
"39",205,"si","Si","Si","Si","No","Si","Si","No","No","Si"
"40",209,"si","Si","Si","Si","Si","Si","Si","Si","No","Si"
"41",215,"No","Si","Si","Si","No","No","No","Si","No","Si"
"42",229,"si","Si","Si","Si","Si","Si","Si","Si","Si","Si"
"43",230,"si","Si","Si","Si","Si","Si","Si","No","Si","Si"
"44",235,"si","Si","Si","Si","Si","Si","Si","Si","No","Si"
"45",237,"si","No","No","Si","No","No","No","No","Si","Si"
"46",241,"si","Si","Si","Si","Si","Si","Si","Si","Si","Si"
"47",258,"si","Si","Si","Si","Si","Si","Si","No","Si","Si"
"48",262,"No","Si","Si","Si","Si","Si","Si","Si","Si","Si"
"49",267,"No","Si","Si","Si","No","No","No","No","No","No"
"50",271,"No","No","No","Si","No","No","No","No","No","Si"
"51",272,"No","Si","Si","Si","Si","Si","Si","Si","Si","Si"
"52",293,"No","Si","Si","Si","No","No","No","Si","Si","Si"
"53",295,"si","Si","Si","Si","No","No","No","Si","Si","Si"
"54",296,"si","No","Si","Si","No","No","No","No","Si","Si"
"55",299,"si","Si","Si","Si","No","No","No","Si","Si","Si"
"56",403,"si","No","No","Si","No","No","No","No","No","Si"
"57",408,"si","Si","Si","Si","Si","Si","Si","Si","Si","Si"
"58",412,"No","Si","Si","Si","Si","Si","Si","Si","Si","Si"
"59",413,"No","Si","Si","Si","Si","Si","Si","Si","Si","Si"
"60",416,"No","Si","Si","Si","Si","Si","Si","Si","Si","Si"
"61",417,"No","Si","Si","Si","Si","Si","Si","Si","Si","Si"
"62",419,"No","Si","Si","Si","Si","Si","Si","Si","Si","Si"
"63",430,"si","Si","Si","Si","Si","Si","Si","Si","Si","Si"
"64",431,"si","Si","Si","Si","No","No","No","Si","Si","Si"
"65",449,"No","No","No","Si","No","No","No","No","No","Si"
"66",451,"No","Si","Si","Si","Si","Si","Si","Si","Si","Si"
"67",461,"No","Si","Si","Si","Si","Si","Si","Si","Si","Si"
"68",462,"No","Si","Si","Si","Si","Si","Si","Si","Si","Si"
"69",465,"si","No","No","Si","No","No","No","No","Si","Si"
"70",466,"si","No","No","Si","No","No","No","No","Si","Si"
"71",468,"No","Si","Si","Si","Si","Si","Si","Si","Si","Si"
"72",487,"No","Si","Si","Si","No","No","No","Si","Si","Si"
"73",491,"No","Si","Si","Si","No","No","No","Si","Si","Si"
"74",504,"si","Si","Si","Si","Si","Si","Si","Si","No","Si"
"75",512,"No","Si","Si","Si","Si","Si","Si","Si","Si","Si"
"76",513,"No","Si","Si","Si","Si","Si","Si","Si","Si","Si"
"77",516,"No","Si","Si","Si","No","No","No","Si","Si","Si"
"78",523,"si","No","No","Si","No","No","No","No","Si","Si"
"79",533,"si","Si","Si","Si","Si","Si","Si","Si","Si","Si"
"80",535,"No","Si","Si","Si","No","No","No","Si","Si","Si"
"81",539,"No","No","No","No","No","No","No","No","No","Si"
"82",541,"si","Si","Si","Si","Si","Si","Si","Si","Si","Si"
"83",543,"si","Si","Si","Si","No","No","No","No","No","Si"
"84",544,"si","Si","Si","Si","Si","Si","Si","Si","No","Si"
"85",566,"No","Si","Si","Si","Si","Si","Si","Si","Si","Si"
"86",572,"si","Si","Si","Si","Si","Si","Si","Si","Si","Si"
"87",575,"si","Si","Si","Si","No","No","No","No","No","Si"
"88",581,"No","Si","Si","Si","No","No","No","No","No","Si"
"89",582,"si","Si","Si","Si","No","No","No","No","No","Si"
"90",583,"No","Si","Si","Si","No","No","No","No","No","Si"
"91",588,"si","Si","Si","Si","No","Si","Si","No","No","Si"
"92",589,"si","Si","Si","Si","Si","Si","Si","Si","Si","Si"
"93",591,"No","Si","Si","Si","Si","Si","Si","Si","Si","Si"
"94",596,"No","Si","Si","Si","Si","Si","Si","Si","Si","Si"
"95",602,"No","Si","Si","Si","Si","Si","Si","Si","No","Si"
"96",616,"No","Si","Si","Si","No","No","No","Si","Si","Si"
"97",618,"No","Si","Si","Si","No","No","No","Si","Si","Si"
"98",619,"No","Si","Si","Si","No","No","No","Si","No","Si"
"99",634,"No","Si","Si","Si","Si","Si","Si","Si","No","Si"
"100",636,"No","Si","Si","Si","Si","Si","Si","Si","No","Si"
"101",637,"No","Si","Si","Si","Si","Si","Si","Si","No","Si"
"102",641,"No","Si","Si","Si","Si","Si","Si","Si","No","Si"
"103",642,"No","Si","Si","Si","Si","Si","Si","Si","No","Si"
"104",649,"No","No","No","Si","No","No","No","No","Si","Si"
"105",667,"No","Si","Si","Si","Si","Si","Si","Si","Si","Si"
"106",670,"No","Si","Si","Si","Si","Si","Si","Si","Si","Si"
"107",679,"No","Si","Si","Si","Si","Si","Si","Si","Si","Si"
"108",685,"si","Si","Si","Si","No","No","No","No","No","Si"
"109",692,"si","Si","Si","Si","Si","Si","Si","Si","Si","Si"
"110",693,"si","Si","Si","Si","Si","Si","Si","Si","Si","Si"
"111",694,"si","Si","Si","Si","No","No","No","Si","Si","Si"
"112",700,"No","Si","Si","Si","Si","Si","Si","Si","Si","Si"
"113",703,"No","Si","Si","Si","Si","Si","Si","Si","No","Si"
"114",705,"No","Si","Si","Si","Si","Si","Si","Si","No","Si"
"115",707,"No","Si","Si","Si","Si","Si","Si","Si","Si","Si"
"116",714,"si","Si","Si","Si","Si","Si","Si","Si","No","Si"
"117",715,"No","Si","Si","Si","Si","Si","Si","Si","Si","Si"
"118",719,"No","Si","Si","Si","Si","Si","Si","Si","Si","Si"
"119",720,"No","Si","Si","Si","No","Si","Si","Si","Si","Si"
"120",728,"si","No","Si","Si","No","No","No","No","No","Si"
"121",729,"No","Si","Si","Si","Si","Si","Si","Si","Si","Si"
"122",730,"No","Si","Si","Si","Si","Si","Si","Si","Si","Si"
"123",732,"No","Si","Si","Si","No","No","No","Si","Si","Si"
"124",734,"si","Si","Si","Si","Si","Si","Si","No","No","Si"
"125",738,"No","Si","Si","Si","Si","Si","Si","Si","Si","Si"
"126",740,"si","Si","Si","Si","Si","Si","Si","Si","Si","Si"
"127",750,"No","Si","Si","Si","No","Si","Si","Si","Si","Si"
"128",755,"No","Si","Si","Si","No","Si","Si","Si","Si","Si"
"129",761,"No","Si","Si","Si","Si","Si","Si","Si","Si","Si"
"130",767,"si","Si","Si","Si","Si","Si","Si","No","No","Si"
"131",768,"No","Si","Si","Si","No","No","No","No","Si","Si"
"132",769,"si","Si","Si","Si","No","No","No","No","Si","Si"
"133",779,"si","Si","Si","Si","No","No","No","No","Si","Si"
"134",787,"No","Si","Si","Si","Si","Si","Si","Si","No","Si"
"135",796,"No","Si","Si","Si","Si","Si","Si","Si","No","Si"
"136",797,"No","Si","Si","Si","Si","Si","Si","Si","No","Si"
"137",798,"No","Si","Si","Si","Si","Si","Si","Si","No","Si"
"138",803,"si","Si","Si","Si","Si","Si","Si","No","No","Si"
"139",806,"No","Si","Si","Si","Si","Si","Si","Si","No","Si"
"140",808,"si","No","No","Si","No","No","No","Si","Si","Si"
"141",811,"si","Si","Si","Si","No","No","No","Si","Si","Si"
"142",814,"si","Si","Si","Si","No","No","No","Si","No","Si"
"143",816,"No","Si","Si","Si","No","Si","Si","Si","Si","Si"
"144",820,"No","Si","Si","Si","No","No","No","Si","No","Si"
"145",831,"No","Si","Si","Si","No","No","No","Si","No","Si"
"146",832,"No","Si","Si","Si","No","Si","No","Si","Si","Si"
"147",836,"No","Si","Si","Si","No","No","No","Si","No","Si"
"148",841,"No","Si","Si","Si","No","No","No","Si","No","Si"
"149",842,"No","Si","Si","Si","No","No","No","Si","No","Si"
"150",844,"No","Si","Si","Si","No","Si","Si","Si","Si","Si"
"151",846,"No","Si","Si","Si","No","Si","Si","Si","Si","Si"
"152",854,"No","Si","Si","Si","Si","Si","Si","Si","Si","Si"
"153",857,"No","Si","Si","Si","No","Si","Si","Si","Si","Si"
"154",859,"si","Si","Si","Si","Si","Si","Si","No","No","Si"
"155",865,"No","Si","Si","Si","No","No","No","Si","Si","Si"
"156",871,"No","Si","Si","Si","Si","Si","Si","Si","No","Si"
"157",874,"No","Si","Si","Si","Si","Si","Si","Si","Si","Si"
"158",883,"No","Si","Si","Si","No","No","No","Si","Si","Si"
"159",884,"No","Si","Si","Si","No","No","No","Si","Si","Si"
"160",886,"No","Si","Si","Si","Si","Si","Si","Si","Si","Si"
"161",889,"No","Si","Si","Si","No","No","No","Si","Si","Si"
"162",890,"No","Si","Si","Si","No","No","No","Si","Si","Si"
"163",892,"No","Si","Si","Si","No","No","No","Si","Si","Si"
"164",893,"No","Si","Si","Si","No","No","No","Si","Si","Si"
"165",896,"No","Si","Si","Si","Si","Si","Si","Si","Si","Si"
"166",902,"No","Si","Si","Si","Si","Si","Si","Si","Si","Si"
"167",904,"No","Si","Si","Si","Si","Si","Si","Si","Si","Si"
"168",905,"No","Si","Si","Si","Si","Si","Si","Si","Si","Si"
"169",907,"No","Si","Si","Si","Si","Si","Si","Si","No","Si"
"170",909,"No","Si","Si","Si","Si","Si","Si","Si","Si","Si"
"171",913,"No","Si","Si","Si","Si","Si","Si","Si","No","Si"
"172",927,"No","Si","Si","Si","No","No","No","Si","Si","Si"
"173",932,"No","Si","Si","Si","Si","Si","Si","Si","No","Si"
"174",934,"No","Si","Si","Si","Si","Si","Si","Si","Si","Si"
"175",939,"No","Si","Si","Si","No","Si","Si","Si","Si","Si"
"176",946,"si","Si","Si","Si","No","No","No","No","Si","Si"
"177",950,"No","Si","Si","Si","No","Si","No","Si","Si","Si"
"178",952,"si","Si","Si","Si","Si","Si","Si","Si","No","Si"
"179",964,"si","Si","Si","Si","Si","Si","Si","Si","Si","Si"
"180",965,"si","Si","Si","Si","No","No","No","Si","Si","Si"
"181",966,"No","Si","Si","Si","Si","Si","Si","Si","No","Si"
"182",970,"No","Si","Si","Si","Si","Si","Si","Si","No","Si"
"183",976,"No","Si","Si","Si","No","No","No","Si","Si","Si"
"184",986,"No","Si","Si","Si","Si","Si","Si","Si","Si","Si"
"185",987,"No","Si","Si","Si","Si","Si","Si","Si","Si","Si"
"186",994,"No","Si","Si","Si","Si","Si","Si","Si","Si","Si"
"187",998,"No","Si","Si","Si","Si","Si","Si","Si","Si","Si"
"188",1001,"No","Si","Si","Si","No","No","No","Si","Si","Si"
"189",1002,"No","Si","Si","Si","No","Si","Si","Si","Si","Si"
"190",1004,"No","Si","Si","Si","Si","Si","Si","Si","No","Si"
"191",1005,"No","Si","Si","Si","No","Si","Si","Si","Si","Si"
"192",1012,"No","Si","Si","Si","Si","Si","Si","Si","No","Si"
"193",1019,"si","Si","Si","Si","No","No","No","Si","Si","Si"
"194",1032,"No","Si","Si","Si","No","No","No","Si","Si","Si"
"195",1034,"No","Si","Si","Si","No","Si","Si","Si","Si","Si"
"196",1035,"No","Si","Si","Si","No","Si","Si","Si","Si","Si"
"197",1044,"No","Si","Si","Si","No","Si","Si","Si","Si","Si"
"198",1045,"si","No","No","Si","No","No","No","No","No","No"
"199",1049,"No","Si","Si","Si","Si","Si","Si","Si","Si","Si"
"200",1050,"si","Si","Si","Si","Si","Si","Si","Si","Si","Si"
"201",1052,"No","Si","Si","Si","Si","Si","Si","Si","Si","Si"
"202",1061,"No","Si","Si","Si","No","No","No","Si","Si","Si"
"203",1066,"si","Si","Si","Si","No","No","No","No","No","Si"
"204",1078,"No","Si","Si","Si","Si","Si","Si","Si","Si","Si"
"205",1094,"No","Si","Si","Si","Si","Si","Si","Si","No","Si"
"206",1100,"si","Si","Si","Si","Si","Si","Si","Si","Si","Si"
"207",1103,"No","Si","Si","Si","No","No","No","Si","Si","Si"
"208",1105,"No","Si","Si","Si","Si","Si","Si","Si","No","Si"
"209",1113,"No","Si","Si","Si","Si","Si","Si","Si","No","Si"
"210",1114,"No","Si","Si","Si","Si","Si","Si","Si","Si","Si"
"211",1115,"No","Si","Si","Si","No","No","No","Si","Si","Si"
"212",1119,"si","Si","Si","Si","No","Si","Si","Si","Si","Si"
"213",1121,"No","Si","Si","Si","Si","Si","Si","Si","Si","Si"
"214",1123,"si","Si","Si","Si","No","No","No","Si","Si","Si"
"215",1127,"si","Si","Si","Si","No","No","No","No","Si","Si"
"216",1140,"si","Si","Si","Si","Si","Si","Si","Si","No","Si"
"217",1153,"No","Si","Si","Si","Si","Si","Si","Si","Si","Si"
"218",1163,"si","Si","Si","Si","No","No","No","Si","No","Si"
"219",1177,"No","Si","Si","Si","No","No","No","Si","Si","Si"
"220",1181,"No","Si","Si","Si","Si","Si","Si","Si","Si","Si"
"221",1182,"No","Si","Si","Si","Si","Si","Si","Si","Si","Si"
"222",1183,"No","Si","Si","Si","No","No","No","No","No","Si"
"223",1185,"No","Si","Si","Si","Si","Si","Si","Si","No","Si"
"224",1193,"No","Si","Si","Si","Si","Si","Si","Si","Si","Si"
"225",1195,"No","Si","Si","Si","Si","Si","Si","Si","Si","Si"
"226",1199,"No","Si","Si","Si","No","No","No","Si","Si","Si"
"227",1201,"No","Si","Si","Si","Si","Si","Si","Si","Si","Si"
"228",1204,"No","Si","Si","Si","Si","Si","Si","Si","Si","Si"
"229",1206,"si","No","No","No","No","No","No","No","No","No"
"230",1208,"si","Si","Si","Si","Si","Si","Si","No","No","Si"
"231",1211,"No","Si","Si","Si","Si","Si","Si","Si","No","Si"
"232",1229,"No","Si","Si","Si","No","Si","Si","Si","Si","Si"
"233",1232,"No","Si","Si","Si","No","No","No","Si","Si","Si"
"234",1235,"No","Si","Si","Si","No","No","No","Si","Si","Si"
"235",1240,"si","Si","Si","Si","Si","Si","Si","Si","No","Si"
"236",1244,"No","Si","Si","Si","Si","Si","Si","Si","No","Si"
"237",1247,"No","No","Si","Si","No","No","No","Si","Si","No"
"238",1256,"No","Si","Si","Si","Si","Si","Si","Si","No","Si"
"239",1266,"No","Si","Si","Si","Si","Si","Si","Si","Si","Si"
"240",1270,"No","Si","Si","Si","Si","Si","Si","Si","Si","Si"
"241",1276,"No","Si","Si","Si","No","No","No","No","No","Si"
"242",1278,"No","Si","Si","Si","No","No","No","No","No","Si"
"243",1281,"No","Si","Si","Si","No","No","No","Si","Si","Si"
"244",1305,"No","Si","Si","Si","Si","Si","Si","Si","Si","Si"
"245",1310,"No","Si","Si","Si","Si","Si","Si","Si","Si","Si"
"246",1322,"No","Si","Si","Si","Si","Si","Si","Si","Si","Si"
"247",1327,"No","Si","Si","Si","Si","Si","Si","Si","Si","Si"
"248",1331,"No","Si","Si","Si","Si","Si","Si","Si","Si","Si"
"249",1334,"No","Si","Si","Si","Si","Si","Si","Si","Si","Si"
"250",1336,"si","Si","Si","Si","Si","Si","Si","Si","Si","Si"
"251",1338,"si","No","No","Si","No","No","No","No","Si","Si"
"252",1342,"No","Si","Si","Si","Si","Si","Si","Si","Si","Si"
"253",1345,"No","Si","Si","Si","Si","Si","Si","Si","Si","Si"
"254",1347,"No","Si","Si","Si","Si","Si","Si","Si","Si","Si"
"255",1352,"No","Si","Si","Si","No","No","No","Si","No","Si"
"256",1356,"No","Si","Si","Si","No","No","No","Si","No","Si"
"257",1358,"No","Si","Si","Si","Si","Si","Si","Si","Si","Si"
"258",1359,"No","Si","Si","Si","Si","Si","Si","Si","Si","Si"
"259",1363,"No","Si","Si","Si","Si","Si","Si","Si","Si","Si"
"260",1364,"No","Si","Si","Si","Si","Si","Si","Si","Si","Si"
"261",1367,"No","Si","Si","Si","Si","Si","Si","Si","Si","Si"
"262",1377,"No","Si","Si","Si","Si","Si","Si","Si","Si","Si"
"263",1384,"No","Si","Si","Si","Si","Si","Si","Si","Si","Si"
"264",1392,"No","Si","Si","Si","Si","Si","Si","Si","Si","Si"
"265",1401,"No","Si","Si","Si","No","No","No","Si","Si","Si"
"266",1402,"si","Si","Si","Si","No","No","No","Si","Si","Si"
"267",1405,"No","Si","Si","Si","Si","Si","Si","Si","Si","Si"
"268",1408,"No","Si","Si","Si","Si","Si","Si","Si","Si","Si"
"269",1412,"No","Si","Si","Si","Si","Si","Si","Si","Si","Si"
"270",1418,"No","Si","Si","Si","Si","Si","Si","Si","Si","Si"
"271",1422,"si","Si","Si","Si","No","Si","Si","Si","No","Si"
"272",1424,"No","No","Si","Si","No","No","No","No","No","No"
"273",1427,"No","Si","Si","Si","Si","Si","Si","Si","Si","Si"
"274",1428,"No","Si","Si","Si","Si","Si","Si","Si","Si","Si"
"275",1438,"No","Si","Si","Si","Si","Si","Si","Si","Si","Si"
"276",1449,"No","Si","Si","Si","Si","Si","Si","Si","Si","Si"
"277",1474,"No","Si","Si","Si","No","Si","Si","Si","No","Si"
"278",1481,"si","No","No","Si","No","No","No","No","Si","Si"
"279",1486,"si","Si","Si","Si","No","No","No","No","Si","Si"
"280",1487,"si","Si","Si","Si","No","No","No","No","Si","Si"
"281",1495,"No","Si","Si","Si","Si","Si","Si","Si","Si","Si"
"282",1503,"No","Si","Si","Si","Si","Si","Si","Si","Si","Si"
"283",1506,"si","Si","Si","Si","Si","Si","Si","Si","Si","Si"
"284",1518,"No","Si","Si","Si","No","No","No","Si","Si","Si"
"285",1521,"No","Si","Si","Si","No","No","No","Si","Si","Si"
"286",1525,"No","Si","Si","Si","Si","Si","Si","Si","No","Si"
"287",1527,"No","Si","Si","Si","No","No","No","Si","Si","Si"
"288",1528,"No","Si","Si","Si","No","No","No","Si","Si","Si"
"289",1545,"si","Si","Si","Si","No","No","No","No","No","Si"
"290",1546,"si","Si","Si","Si","No","No","No","No","No","Si"
"291",1549,"si","No","No","No","No","No","No","No","No","No"
"292",1554,"No","Si","Si","Si","No","Si","Si","Si","No","Si"
"293",1558,"No","Si","Si","Si","Si","Si","Si","Si","Si","Si"
"294",1560,"si","No","No","Si","No","No","No","No","No","No"
"295",1561,"si","Si","Si","Si","No","No","No","Si","No","Si"
"296",1568,"No","Si","Si","Si","No","No","No","No","No","No"
"297",1595,"No","Si","Si","Si","No","Si","Si","Si","Si","Si"
"298",1600,"No","Si","Si","Si","Si","Si","Si","Si","No","Si"
"299",1602,"No","Si","Si","Si","Si","Si","Si","Si","Si","Si"
"300",1608,"si","Si","Si","Si","Si","Si","Si","Si","Si","Si"
"301",1622,"si","Si","Si","Si","No","No","No","Si","Si","Si"
"302",1636,"No","Si","Si","Si","Si","Si","Si","Si","Si","Si"
"303",1638,"No","Si","Si","Si","Si","Si","Si","Si","Si","Si"
"304",1640,"No","Si","Si","Si","Si","Si","Si","Si","Si","Si"
"305",1644,"No","Si","Si","Si","Si","Si","Si","Si","Si","Si"
"306",1645,"No","Si","Si","Si","Si","Si","Si","Si","No","Si"
"307",1650,"No","No","Si","Si","No","No","No","Si","Si","No"
"308",1667,"No","Si","Si","Si","Si","Si","Si","Si","Si","Si"
"309",1684,"si","Si","Si","Si","No","Si","Si","Si","Si","Si"
"310",1704,"si","Si","Si","Si","No","No","No","Si","Si","Si"
"311",1706,"No","Si","Si","Si","No","No","No","Si","Si","Si"
"312",1713,"No","Si","Si","Si","No","No","No","Si","Si","Si"
"313",1725,"No","No","No","Si","No","No","No","Si","Si","Si"
"314",1731,"No","No","No","Si","No","No","No","Si","Si","Si"
"315",1734,"si","Si","Si","Si","No","No","No","Si","No","Si"
"316",1743,"No","Si","Si","Si","Si","Si","Si","Si","Si","Si"
"317",1746,"No","Si","Si","Si","Si","Si","Si","Si","Si","Si"
"318",1748,"No","Si","Si","Si","Si","Si","Si","Si","Si","Si"
"319",1753,"No","Si","Si","Si","Si","Si","Si","Si","Si","Si"
"320",1755,"si","Si","Si","Si","Si","Si","Si","Si","Si","Si"
"321",1756,"si","Si","Si","Si","Si","Si","Si","Si","Si","Si"
"322",1757,"No","No","No","Si","No","No","No","Si","Si","Si"
"323",1758,"No","No","No","Si","No","No","No","Si","Si","Si"
"324",1762,"si","Si","Si","Si","No","Si","Si","Si","Si","Si"
"325",1782,"No","Si","Si","Si","No","No","No","Si","Si","Si"
"326",1785,"No","Si","Si","Si","No","No","No","Si","Si","Si"
"327",1788,"No","Si","Si","Si","Si","Si","Si","Si","Si","Si"
"328",1797,"No","Si","Si","Si","Si","Si","Si","Si","Si","Si"
"329",1798,"si","Si","Si","Si","Si","Si","Si","No","No","Si"
"330",1810,"No","Si","Si","Si","No","No","No","Si","Si","Si"
"331",1812,"No","Si","Si","Si","Si","Si","Si","Si","Si","Si"
"332",1821,"si","Si","Si","Si","No","No","No","Si","No","Si"
"333",1834,"No","Si","Si","Si","No","No","No","Si","No","Si"
"334",1849,"si","Si","Si","Si","Si","Si","Si","Si","Si","Si"
"335",1853,"si","No","No","Si","No","No","No","No","Si","Si"
"336",1855,"si","Si","Si","Si","No","No","No","No","No","Si"
"337",1858,"No","Si","Si","Si","No","No","No","Si","Si","Si"
"338",1867,"No","Si","Si","Si","Si","Si","Si","Si","Si","Si"
"339",1871,"si","No","No","Si","No","No","No","Si","No","Si"
"340",1879,"si","Si","Si","Si","Si","Si","Si","Si","Si","Si"
"341",1884,"No","Si","Si","Si","No","No","No","Si","No","Si"
"342",1891,"No","Si","Si","Si","Si","Si","Si","Si","Si","Si"
"343",1897,"No","Si","Si","Si","Si","Si","Si","Si","No","Si"
"344",1901,"si","Si","Si","Si","No","No","No","No","No","Si"
"345",1907,"si","Si","Si","Si","No","No","No","Si","No","Si"
"346",1910,"No","Si","Si","Si","No","Si","Si","Si","No","Si"
"347",1911,"No","Si","Si","Si","Si","Si","Si","Si","Si","Si"
"348",1918,"No","Si","Si","Si","Si","Si","Si","Si","Si","Si"
"349",1919,"si","Si","Si","Si","Si","Si","Si","No","Si","Si"
"350",1923,"si","No","No","No","No","No","No","No","Si","No"
"351",1925,"No","Si","Si","Si","Si","Si","Si","Si","No","Si"
"352",1929,"No","Si","Si","Si","Si","Si","Si","Si","Si","Si"
"353",1936,"No","Si","Si","Si","Si","Si","Si","Si","Si","Si"
"354",1939,"si","Si","Si","Si","No","No","Si","Si","No","Si"
"355",1940,"No","Si","Si","Si","No","No","No","Si","Si","Si"
"356",1941,"No","Si","Si","Si","No","No","No","Si","Si","Si"
"357",1948,"No","Si","Si","Si","No","Si","Si","No","No","Si"
"358",1951,"No","Si","Si","Si","Si","Si","Si","Si","No","Si"
"359",1952,"No","Si","Si","Si","Si","Si","Si","Si","Si","Si"
"360",1965,"No","Si","Si","Si","Si","Si","Si","Si","Si","Si"
"361",1966,"No","Si","Si","Si","No","No","No","Si","Si","Si"
"362",1974,"No","Si","Si","Si","Si","Si","Si","Si","Si","Si"
"363",1993,"No","Si","Si","Si","No","No","No","Si","No","Si"
"364",2003,"No","Si","Si","Si","Si","Si","Si","Si","Si","Si"
"365",2014,"No","Si","Si","Si","Si","Si","Si","Si","Si","Si"
"366",2024,"No","Si","Si","Si","Si","Si","Si","Si","No","Si"
"367",2025,"No","Si","Si","Si","Si","Si","Si","Si","Si","Si"
"368",2026,"No","No","No","Si","No","No","No","No","Si","Si"
"369",2034,"No","Si","Si","Si","Si","Si","Si","Si","No","Si"
"370",2035,"No","Si","Si","Si","No","No","No","Si","No","Si"
"371",2036,"No","Si","Si","Si","No","Si","Si","No","No","Si"
"372",2040,"No","Si","Si","Si","Si","Si","Si","Si","Si","Si"
"373",2041,"No","Si","Si","Si","Si","Si","Si","Si","No","Si"
"374",2059,"si","Si","Si","Si","No","No","No","Si","Si","Si"
"375",2060,"si","Si","Si","Si","Si","Si","Si","No","Si","Si"
"376",2063,"si","Si","Si","Si","No","No","No","Si","Si","Si"
"377",2071,"No","Si","Si","Si","Si","Si","Si","Si","Si","Si"
"378",2078,"No","Si","Si","Si","Si","Si","Si","Si","Si","Si"
"379",2082,"No","Si","Si","Si","Si","Si","Si","Si","Si","Si"
"380",2087,"No","Si","Si","Si","No","No","No","Si","Si","Si"
"381",2090,"No","Si","Si","Si","Si","Si","Si","Si","Si","Si"
"382",2091,"No","Si","Si","Si","Si","Si","Si","Si","Si","Si"
"383",2103,"No","Si","Si","Si","No","No","No","Si","No","Si"
"384",2105,"No","Si","Si","Si","No","No","No","Si","Si","Si"
"385",2110,"si","Si","Si","Si","No","No","No","Si","Si","Si"
"386",2123,"No","Si","Si","Si","No","No","No","Si","Si","Si"
"387",2148,"si","Si","Si","Si","No","No","No","Si","Si","Si"
"388",2149,"si","No","No","Si","No","No","No","No","Si","No"
"389",2155,"No","Si","Si","Si","No","No","No","Si","Si","Si"
"390",2160,"si","Si","Si","Si","Si","Si","Si","Si","No","Si"
"391",2164,"si","No","No","Si","No","No","No","No","Si","Si"
"392",2166,"si","Si","Si","Si","No","No","No","No","No","Si"
"393",2172,"No","Si","Si","Si","Si","Si","Si","Si","Si","Si"
"394",2178,"si","No","No","Si","No","No","No","No","Si","Si"
"395",2180,"si","No","No","Si","No","No","No","No","No","No"
"396",2186,"si","No","No","Si","No","No","No","No","No","Si"
"397",2189,"No","Si","Si","Si","No","No","No","Si","Si","Si"
"398",2196,"No","Si","Si","Si","Si","Si","Si","No","No","Si"
"399",2198,"No","Si","Si","Si","No","No","No","Si","No","Si"
"400",2212,"No","Si","Si","Si","Si","Si","Si","Si","No","Si"
"401",2213,"No","Si","Si","Si","No","No","No","Si","Si","Si"
"402",2216,"No","Si","Si","Si","Si","Si","Si","Si","Si","Si"
"403",2230,"No","Si","Si","Si","No","No","No","Si","Si","Si"
"404",2239,"si","Si","Si","Si","No","No","No","No","Si","Si"
"405",2247,"No","Si","Si","Si","No","No","No","No","No","No"
"406",2253,"si","No","No","No","No","No","No","No","No","No"
"407",2256,"si","Si","Si","Si","No","No","No","No","No","Si"
"408",2271,"No","No","No","Si","No","No","No","Si","Si","Si"
"409",2274,"si","No","Si","Si","No","No","No","Si","No","No"
"410",2279,"si","Si","Si","Si","No","No","No","Si","Si","Si"
"411",2282,"No","Si","Si","Si","No","No","No","Si","No","No"
"412",2287,"si","No","No","Si","No","No","No","No","Si","No"
"413",2291,"No","Si","Si","Si","Si","Si","Si","Si","Si","Si"
"414",2294,"No","Si","Si","Si","No","No","Si","No","Si","Si"
"415",2301,"No","Si","Si","Si","No","No","No","Si","No","Si"
"416",2307,"No","Si","Si","Si","Si","Si","Si","Si","No","Si"
"417",2318,"No","Si","Si","Si","No","Si","Si","Si","Si","Si"
"418",2324,"No","Si","Si","Si","Si","Si","Si","Si","Si","Si"
"419",2328,"si","Si","Si","Si","No","No","Si","Si","No","Si"
"420",2337,"si","Si","Si","Si","Si","Si","Si","Si","No","Si"
"421",2340,"No","Si","Si","Si","No","No","No","Si","Si","Si"
"422",2342,"No","Si","Si","Si","No","No","No","Si","No","Si"
"423",2344,"No","Si","Si","Si","No","Si","Si","No","Si","Si"
"424",2349,"No","Si","Si","Si","No","Si","Si","Si","No","Si"
"425",2356,"No","Si","Si","Si","Si","Si","Si","Si","No","Si"
"426",2359,"No","Si","Si","Si","No","No","No","Si","Si","Si"
"427",2361,"No","Si","Si","Si","No","No","No","Si","Si","Si"
"428",2367,"No","No","Si","Si","No","No","No","Si","Si","Si"
"429",2370,"si","Si","Si","Si","No","Si","Si","Si","Si","Si"
"430",2377,"No","Si","Si","Si","Si","Si","Si","Si","Si","Si"
"431",2378,"No","Si","Si","Si","Si","Si","Si","Si","Si","Si"
"432",2382,"No","Si","Si","Si","Si","Si","Si","Si","Si","Si"
"433",2384,"No","Si","Si","Si","Si","Si","Si","Si","Si","Si"
"434",2391,"No","Si","Si","Si","No","No","No","Si","No","Si"
"435",2396,"si","Si","Si","Si","Si","Si","Si","Si","Si","Si"
"436",2397,"No","Si","Si","Si","Si","Si","Si","Si","Si","Si"
"437",2401,"si","Si","Si","Si","No","No","No","Si","Si","Si"
"438",2403,"No","Si","Si","Si","No","No","No","Si","Si","Si"
"439",2423,"No","Si","Si","Si","Si","Si","Si","Si","Si","Si"
"440",2426,"No","Si","Si","Si","No","No","No","Si","No","Si"
"441",2433,"No","Si","Si","Si","Si","Si","Si","Si","Si","Si"
"442",2440,"No","Si","Si","Si","Si","Si","Si","Si","Si","Si"
"443",2445,"No","Si","Si","Si","Si","Si","Si","Si","Si","Si"
"444",2455,"No","Si","Si","Si","Si","Si","Si","Si","Si","Si"
"445",2460,"No","Si","Si","Si","No","No","No","Si","Si","Si"
"446",2462,"si","Si","Si","Si","No","No","No","Si","No","Si"
"447",2475,"si","No","No","Si","No","No","No","Si","Si","Si"
"448",2476,"si","Si","Si","Si","No","No","No","No","No","Si"
"449",2481,"si","No","No","Si","No","No","No","No","No","Si"
"450",2483,"No","Si","Si","Si","Si","Si","Si","Si","Si","Si"
"451",2484,"No","Si","Si","Si","Si","Si","Si","Si","Si","Si"
"452",2485,"No","Si","Si","Si","Si","Si","Si","Si","Si","Si"
"453",2499,"si","Si","Si","Si","Si","Si","Si","Si","Si","Si"
"454",2500,"si","Si","Si","Si","Si","Si","Si","No","No","Si"
"455",2506,"No","Si","Si","Si","Si","Si","Si","Si","Si","Si"
"456",2509,"No","Si","Si","Si","Si","Si","Si","Si","Si","Si"
"457",2512,"No","Si","Si","Si","Si","Si","Si","Si","No","Si"
"458",2516,"No","Si","Si","Si","No","Si","Si","Si","No","Si"
"459",2517,"si","Si","Si","Si","Si","Si","Si","Si","Si","Si"
"460",2520,"si","Si","Si","Si","No","No","No","No","Si","Si"
"461",2532,"No","Si","Si","Si","No","No","No","Si","Si","Si"
"462",2535,"si","No","No","Si","No","No","No","Si","Si","No"
"463",2536,"si","Si","Si","Si","No","Si","Si","No","No","Si"
"464",2549,"No","Si","Si","Si","No","No","No","Si","No","Si"
"465",2576,"si","No","No","No","No","No","No","No","No","No"
"466",2582,"No","Si","Si","Si","Si","Si","Si","No","No","Si"
"467",2584,"No","Si","Si","Si","Si","Si","Si","Si","No","Si"
"468",2589,"No","Si","Si","Si","Si","Si","Si","Si","Si","Si"
"469",2593,"No","Si","Si","Si","Si","Si","Si","Si","Si","Si"
"470",2603,"No","Si","Si","Si","Si","Si","Si","Si","Si","Si"
"471",2605,"si","Si","Si","Si","No","No","No","No","No","Si"
"472",2606,"si","No","No","No","No","No","No","Si","No","No"
"473",2614,"si","Si","Si","Si","No","No","No","Si","Si","Si"
"474",2617,"No","Si","Si","Si","Si","Si","Si","Si","Si","Si"
"475",2621,"No","No","Si","Si","No","No","No","Si","Si","No"
"476",2623,"No","No","Si","Si","No","No","No","Si","Si","No"
"477",2631,"No","Si","Si","Si","Si","Si","Si","Si","Si","Si"
"478",2636,"No","Si","Si","Si","No","Si","Si","Si","Si","Si"
"479",2640,"No","Si","Si","Si","Si","Si","Si","Si","Si","Si"
"480",2645,"si","Si","Si","Si","No","No","No","No","No","Si"
"481",2648,"si","Si","Si","Si","No","No","No","No","No","Si"
"482",2654,"No","Si","Si","Si","No","No","No","Si","Si","Si"
"483",2655,"No","Si","Si","Si","No","No","No","Si","No","Si"
"484",2662,"No","Si","Si","Si","No","No","No","Si","No","Si"
"485",2668,"No","Si","Si","Si","Si","Si","Si","Si","Si","Si"
"486",2677,"si","Si","Si","Si","Si","Si","Si","Si","No","Si"
"487",2684,"si","Si","Si","Si","Si","Si","Si","Si","Si","Si"
"488",2687,"si","Si","Si","Si","Si","Si","Si","Si","No","Si"
"489",2699,"No","Si","Si","Si","Si","Si","Si","Si","Si","Si"
"490",2704,"No","No","No","Si","No","No","No","Si","Si","Si"
"491",2716,"No","Si","Si","Si","No","No","No","No","Si","Si"
"492",2718,"No","No","No","Si","No","No","No","Si","Si","Si"
"493",2728,"No","Si","Si","Si","Si","Si","Si","Si","No","Si"
"494",2731,"No","Si","Si","Si","Si","Si","Si","Si","No","Si"
"495",2742,"No","Si","Si","Si","No","No","No","Si","Si","Si"
"496",2744,"No","Si","Si","Si","Si","Si","Si","Si","Si","Si"
"497",2755,"No","Si","Si","Si","No","No","No","Si","Si","Si"
"498",2756,"si","Si","Si","Si","No","No","No","No","Si","No"
"499",2760,"No","Si","Si","Si","Si","Si","Si","Si","Si","Si"
"500",2764,"No","Si","Si","Si","Si","Si","Si","Si","Si","Si"
"501",2766,"No","Si","Si","Si","Si","Si","Si","Si","Si","Si"
"502",2770,"No","Si","Si","Si","No","No","No","Si","Si","No"
"503",2774,"No","Si","Si","Si","Si","Si","Si","Si","Si","Si"
"504",2787,"No","Si","Si","Si","No","No","No","Si","Si","Si"
"505",2794,"No","No","Si","Si","No","No","No","Si","No","Si"
"506",2806,"No","Si","Si","Si","Si","Si","Si","Si","No","Si"
"507",2810,"No","Si","Si","Si","No","No","No","Si","No","Si"
"508",2812,"No","Si","Si","Si","Si","Si","Si","Si","Si","Si"
"509",2820,"si","Si","Si","Si","Si","Si","Si","Si","No","Si"
"510",2821,"No","Si","Si","Si","No","No","No","Si","No","Si"
"511",2825,"No","Si","Si","Si","No","No","No","Si","No","Si"
"512",2826,"si","Si","Si","Si","Si","Si","Si","Si","Si","Si"
"513",2828,"si","Si","Si","Si","Si","Si","Si","No","Si","Si"
"514",2829,"si","Si","Si","Si","No","No","No","Si","No","Si"
"515",2830,"si","Si","Si","Si","No","No","No","Si","No","Si"
"516",2831,"si","Si","Si","Si","Si","Si","Si","Si","No","Si"
"517",2833,"si","No","No","No","No","No","No","Si","No","No"
"518",2836,"No","Si","Si","Si","Si","Si","Si","Si","Si","Si"
"519",2841,"No","Si","Si","Si","No","Si","Si","No","Si","Si"
"520",2857,"No","Si","Si","Si","No","No","No","Si","Si","Si"
"521",2878,"si","Si","Si","Si","Si","Si","Si","Si","Si","Si"
"522",2882,"No","Si","Si","Si","Si","Si","Si","Si","No","Si"
"523",2884,"No","Si","Si","Si","No","No","No","No","Si","Si"
"524",2889,"si","Si","Si","Si","Si","Si","Si","No","No","Si"
"525",2897,"si","Si","Si","Si","No","Si","Si","No","No","No"
"526",2898,"si","Si","Si","Si","No","Si","Si","No","No","Si"
"527",2902,"si","Si","Si","Si","No","No","No","No","No","Si"
"528",2903,"si","No","Si","Si","No","No","No","No","No","Si"
"529",2904,"No","Si","Si","Si","Si","Si","Si","Si","No","Si"
"530",2913,"No","Si","Si","Si","Si","Si","Si","Si","Si","Si"
"531",2915,"si","Si","Si","Si","Si","Si","Si","Si","Si","Si"
"532",2918,"No","Si","Si","Si","No","No","No","No","Si","Si"
"533",2920,"No","Si","Si","Si","No","No","No","Si","Si","Si"
"534",2926,"No","Si","Si","Si","Si","Si","Si","Si","Si","Si"
"535",2928,"si","Si","Si","Si","No","No","No","No","No","Si"
"536",2929,"No","Si","Si","Si","No","No","No","Si","Si","Si"
"537",2930,"si","Si","Si","Si","No","Si","Si","Si","No","Si"
"538",2932,"No","Si","Si","Si","Si","Si","Si","Si","Si","Si"
"539",2934,"si","Si","Si","Si","Si","Si","Si","No","No","Si"
"540",2937,"No","Si","Si","Si","No","No","No","Si","Si","Si"
"541",2941,"No","Si","Si","Si","No","No","No","No","Si","Si"
"542",2945,"si","No","Si","Si","No","No","No","Si","No","No"
"543",2950,"si","Si","Si","Si","Si","Si","Si","Si","Si","Si"
"544",2955,"si","Si","Si","Si","No","No","No","Si","Si","Si"
"545",2956,"si","No","No","Si","No","No","No","Si","Si","No"
"546",2964,"No","Si","Si","Si","No","No","No","Si","No","Si"
"547",2967,"si","Si","Si","Si","Si","Si","Si","Si","Si","Si"
"548",2971,"No","Si","Si","Si","Si","Si","Si","Si","Si","Si"
"549",2977,"si","Si","Si","Si","No","No","No","Si","Si","Si"
"550",2981,"No","Si","Si","Si","Si","Si","Si","Si","Si","Si"
"551",2987,"No","Si","Si","Si","Si","Si","Si","Si","Si","Si"
"552",2990,"No","Si","Si","Si","No","Si","Si","Si","Si","Si"
"553",2992,"No","Si","Si","Si","Si","Si","Si","Si","Si","Si"
"554",2993,"No","Si","Si","Si","No","No","No","Si","Si","Si"
"555",2994,"No","Si","Si","Si","Si","Si","Si","No","Si","Si"
"556",2998,"si","Si","Si","Si","No","Si","Si","Si","No","Si"
"557",3007,"si","No","No","Si","No","No","No","No","No","No"
"558",3008,"si","No","No","Si","No","No","No","No","No","No"
"559",3010,"No","Si","Si","Si","Si","Si","Si","Si","Si","Si"
"560",3012,"No","Si","Si","Si","Si","Si","Si","Si","Si","Si"
"561",3015,"si","Si","Si","Si","No","No","No","No","Si","Si"
"562",3017,"si","Si","Si","Si","Si","Si","Si","Si","Si","Si"
"563",3019,"si","Si","Si","Si","Si","Si","Si","Si","Si","Si"
"564",3036,"si","No","No","Si","No","No","No","No","No","Si"
"565",3039,"si","No","No","Si","No","No","No","No","No","No"
"566",3051,"No","No","No","Si","No","No","No","Si","No","Si"
"567",3052,"No","No","No","Si","No","No","No","Si","No","Si"
"568",3055,"No","No","No","Si","No","No","No","Si","No","Si"
"569",3056,"No","No","No","Si","No","No","No","Si","No","Si"
"570",3057,"No","Si","Si","Si","No","No","No","Si","Si","Si"
"571",3082,"No","Si","Si","Si","Si","Si","Si","Si","Si","Si"
"572",3083,"si","Si","Si","Si","No","No","No","Si","Si","Si"
"573",3085,"No","Si","Si","Si","Si","Si","Si","Si","Si","Si"
"574",3087,"No","Si","Si","Si","No","Si","Si","No","Si","Si"
"575",3090,"No","Si","Si","Si","No","No","No","Si","Si","Si"
"576",3093,"si","Si","Si","Si","Si","Si","Si","Si","Si","Si"
"577",3094,"No","Si","Si","Si","Si","Si","Si","Si","Si","Si"
"578",3108,"si","Si","Si","Si","No","No","No","Si","Si","Si"
"579",3112,"si","Si","Si","Si","No","No","No","No","Si","Si"
"580",3115,"No","No","No","Si","No","No","No","Si","Si","Si"
"581",3119,"No","No","No","Si","No","No","No","Si","Si","Si"
"582",3120,"No","Si","Si","Si","No","No","No","Si","No","Si"
"583",3121,"No","Si","Si","Si","No","No","No","Si","No","Si"
"584",3124,"No","No","No","Si","No","No","No","Si","Si","Si"
"585",3127,"si","No","No","Si","No","No","No","Si","No","Si"
"586",3129,"No","Si","Si","Si","Si","Si","Si","Si","Si","Si"
"587",3150,"No","Si","Si","Si","Si","Si","Si","Si","Si","Si"
"588",3156,"No","Si","Si","Si","No","No","No","Si","Si","Si"
"589",3163,"si","Si","Si","Si","No","Si","Si","Si","Si","Si"
"590",3177,"si","Si","Si","Si","Si","Si","Si","Si","Si","Si"
"591",3178,"si","Si","Si","Si","Si","Si","Si","Si","Si","Si"
"592",3184,"si","Si","Si","Si","No","Si","Si","No","No","Si"
"593",3193,"No","Si","Si","Si","No","No","No","Si","Si","Si"
"594",3196,"No","Si","Si","Si","No","No","No","Si","Si","Si"
"595",3198,"si","Si","Si","Si","No","Si","Si","No","No","Si"
"596",3204,"si","No","No","Si","No","No","No","Si","Si","No"
"597",3211,"si","Si","Si","Si","No","Si","Si","Si","Si","Si"
"598",3212,"si","Si","Si","Si","No","Si","Si","Si","Si","Si"
"599",3214,"No","Si","Si","Si","Si","Si","Si","Si","Si","Si"
"600",3222,"No","No","No","Si","No","No","No","No","Si","No"
"601",3226,"si","Si","Si","Si","No","No","No","Si","No","Si"
"602",3227,"si","Si","Si","Si","No","No","No","No","No","Si"
"603",3229,"si","No","Si","Si","No","No","No","Si","No","No"
"604",3230,"si","No","Si","Si","No","No","No","No","No","Si"
"605",3240,"No","Si","Si","Si","No","Si","Si","Si","Si","Si"
"606",3246,"No","Si","Si","Si","No","No","No","Si","Si","Si"
"607",3253,"No","Si","Si","Si","Si","Si","Si","Si","Si","Si"
"608",3257,"No","Si","Si","Si","Si","Si","Si","Si","Si","Si"
"609",3281,"No","Si","Si","Si","Si","Si","Si","Si","Si","Si"
"610",3282,"No","Si","Si","Si","Si","Si","Si","Si","Si","Si"
"611",3317,"No","Si","Si","Si","Si","Si","Si","Si","No","Si"
"612",3318,"No","No","No","Si","No","No","No","Si","Si","No"
"613",3319,"No","Si","Si","Si","No","No","No","Si","Si","Si"
"614",3320,"si","Si","Si","Si","Si","Si","Si","Si","No","Si"
"615",3323,"No","Si","Si","Si","Si","Si","Si","Si","Si","Si"
"616",3330,"No","Si","Si","Si","Si","Si","Si","Si","Si","Si"
"617",3332,"si","Si","Si","Si","No","No","No","No","No","Si"
"618",3337,"No","Si","Si","Si","No","No","No","Si","No","Si"
"619",3342,"si","Si","Si","Si","No","No","No","Si","Si","Si"
"620",3346,"No","Si","Si","Si","No","No","No","Si","No","Si"
"621",3351,"si","Si","Si","Si","Si","Si","Si","Si","No","Si"
"622",3358,"si","Si","Si","Si","Si","Si","Si","No","No","Si"
"623",3364,"No","Si","Si","Si","Si","Si","Si","Si","Si","Si"
"624",3372,"No","Si","Si","Si","No","No","No","Si","No","Si"
"625",3376,"No","Si","Si","Si","Si","Si","Si","Si","Si","Si"
"626",3380,"si","Si","Si","Si","Si","Si","Si","Si","No","Si"
"627",3382,"No","Si","Si","Si","No","Si","Si","No","No","Si"
"628",3385,"No","Si","Si","Si","No","No","No","Si","Si","Si"
"629",3390,"si","Si","Si","Si","No","No","No","No","No","Si"
"630",3393,"No","Si","Si","Si","No","No","No","No","No","Si"
"631",3398,"No","Si","Si","Si","Si","Si","Si","Si","No","Si"
"632",3410,"si","Si","Si","Si","Si","Si","Si","No","Si","Si"
"633",3425,"No","Si","Si","Si","No","No","No","No","No","Si"
"634",3426,"No","Si","Si","Si","No","No","No","Si","Si","Si"
"635",3427,"No","Si","Si","Si","No","No","No","Si","Si","Si"
"636",3439,"si","Si","Si","Si","No","No","No","No","No","Si"
"637",3442,"si","No","No","Si","No","No","No","No","Si","Si"
"638",3453,"si","No","No","No","No","No","No","No","Si","Si"
"639",3456,"si","Si","Si","Si","Si","Si","Si","Si","Si","Si"
"640",3466,"No","Si","Si","Si","Si","Si","Si","No","No","Si"
"641",3472,"No","Si","Si","Si","No","No","No","Si","Si","Si"
"642",3476,"si","Si","Si","Si","No","No","No","Si","Si","Si"
"643",3477,"si","Si","Si","Si","No","No","No","No","No","Si"
"644",3480,"si","Si","Si","Si","Si","Si","Si","Si","Si","Si"
"645",3491,"si","Si","Si","Si","No","No","No","No","No","Si"
"646",3502,"No","Si","Si","Si","Si","Si","Si","Si","Si","Si"
"647",3510,"si","Si","Si","Si","No","No","No","No","Si","Si"
"648",3512,"No","Si","Si","Si","Si","Si","Si","Si","Si","Si"
"649",3520,"si","Si","Si","Si","No","No","No","No","No","Si"
"650",3529,"si","Si","Si","Si","No","No","No","No","Si","Si"
"651",3532,"si","Si","Si","Si","Si","Si","Si","Si","Si","Si"
"652",3537,"No","Si","Si","Si","No","No","No","Si","Si","Si"
"653",3546,"No","Si","Si","Si","Si","Si","Si","No","No","Si"
"654",3551,"si","Si","Si","Si","No","No","No","No","No","Si"
"655",3554,"si","Si","Si","Si","Si","Si","Si","No","No","Si"
"656",3555,"No","Si","Si","Si","No","No","No","No","No","Si"
"657",3556,"si","No","Si","Si","No","No","No","No","No","No"
"658",3563,"No","No","No","Si","No","No","No","No","No","No"
"659",3565,"si","Si","Si","Si","No","No","No","Si","No","Si"
"660",3572,"No","Si","Si","Si","Si","Si","Si","Si","Si","Si"
"661",3573,"No","Si","Si","Si","No","Si","Si","Si","Si","Si"
"662",3583,"No","Si","Si","Si","Si","Si","Si","Si","Si","Si"
"663",3588,"si","Si","Si","Si","Si","Si","Si","No","No","Si"
"664",3597,"No","Si","Si","Si","No","No","No","Si","Si","Si"
"665",3603,"si","Si","Si","Si","No","No","No","No","No","Si"
"666",3607,"si","Si","Si","Si","No","No","No","No","No","Si"
"667",3611,"si","Si","Si","Si","Si","Si","Si","Si","No","Si"
"668",3624,"si","Si","Si","Si","Si","Si","Si","No","No","Si"
"669",3626,"si","Si","Si","Si","No","No","No","No","No","Si"
"670",3627,"si","Si","Si","Si","Si","Si","Si","No","Si","Si"
"671",3628,"No","Si","Si","Si","No","No","No","No","Si","Si"
"672",3631,"No","Si","Si","Si","No","No","No","Si","Si","Si"
"673",3634,"si","Si","Si","Si","No","No","No","No","No","Si"
"674",3662,"si","Si","Si","Si","No","No","No","Si","No","Si"
